	Datum_t_TW	weekday	weekday_TW_md	Hour_TW	Date_TW	Member	Text
5466	2023-01-17 10:01:00	1	Tuesday	10:01:00	2023-01-17	å®å®å™¹å™¹	è¦ç¡ã„Œ
5467	2023-01-17 10:01:00	1	Tuesday	10:01:00	2023-01-17	å®å®å™¹å™¹	å¤§å®¶æ™šå®‰
5468	2023-01-17 10:01:00	1	Tuesday	10:01:00	2023-01-17	å®å®å™¹å™¹	[è²¼åœ–]
5469	2023-01-17 10:01:00	1	Tuesday	10:01:00	2023-01-17	æœ‰14	æ™šå®‰
5470	2023-01-17 10:01:00	1	Tuesday	10:01:00	2023-01-17	æœ‰14	æ”¹å¤©ä¾†ç©ä½ èªªæˆ‘çŒœ
5471	2023-01-17 10:01:00	1	Tuesday	10:01:00	2023-01-17	å®å®å™¹å™¹	é›–ç„¶å¾ˆé¤“ å¥½æƒ³åƒå°ç± åŒ…è·Ÿç‡’è³£ğŸ¥º
5472	2023-01-17 10:02:00	1	Tuesday	10:02:00	2023-01-17	å®å®å™¹å™¹	è±ªï½ï½
5473	2023-01-17 10:05:00	1	Tuesday	10:05:00	2023-01-17	æ©˜å­ğŸŠ	æ¤è‘¬æˆ–èŠ±è‘¬ä¹Ÿæ˜¯å¦ä¸€ç¨®ç¡åœŸè£¡
5474	2023-01-17 16:16:00	1	Tuesday	16:16:00	2023-01-17	F	å¤§å®¶æ—©å®‰
5475	2023-01-17 16:28:00	1	Tuesday	16:28:00	2023-01-17	F	å‰›çœ‹å¤©ç©ºï¼Œæœˆäº®é‚„æ²’ä¸‹ç­æ¬¸
5476	2023-01-17 16:30:00	1	Tuesday	16:30:00	2023-01-17	Auto-reply	æ—©å®‰ğŸŒ æˆ‘å«å¤ªé™½æŠŠå¹¸ç¦çš„é™½å…‰ç‘åœ¨å¦³èº«ä¸Šï¼Œå¸Œæœ›ä»Šå¤©ä¹Ÿæ˜¯ç¾å¥½çš„ä¸€å¤©ğŸ¥°
5477	2023-01-17 16:33:00	1	Tuesday	16:33:00	2023-01-17	F	https://m.youtube.com/watch?v=hBp3wurRiNQ
5478	2023-01-17 16:35:00	1	Tuesday	16:35:00	2023-01-17	Pui	æ—©å®‰ï½ä»Šå¤©æœƒæœ‰å¤ªé™½å—ï¼Ÿå¦‚æœæŠ¬é ­æ˜¯é™°å¤©ï¼Œé‚£çœ‹çœ‹æˆ‘ï¼Œæˆ‘å°±æ˜¯å¦³çš„å°å¤ªé™½(good job)
5479	2023-01-17 16:35:00	1	Tuesday	16:35:00	2023-01-17	Pui	[è²¼åœ–]
5480	2023-01-17 16:38:00	1	Tuesday	16:38:00	2023-01-17	F	çœ‹è†šè‰²å°±çŸ¥é“æ›¬çš„å¾ˆå‡å‹»(haha)
5481	2023-01-17 16:38:00	1	Tuesday	16:38:00	2023-01-17	ä¹	æ—©å®‰ï½
5482	2023-01-17 16:56:00	1	Tuesday	16:56:00	2023-01-17	å°ç™½	æ—©å®‰Ù©(ËƒÌ¶ÍˆÌ€à¯°Ë‚Ì¶ÍˆÌ)Ùˆ
5485	2023-01-17 17:05:00	1	Tuesday	17:05:00	2023-01-17	æœ‰14	æ¯å¤©éƒ½ä¸ä¸€æ¨£å—
5486	2023-01-17 17:11:00	1	Tuesday	17:11:00	2023-01-17	33	æ—©å®‰
5487	2023-01-17 17:12:00	1	Tuesday	17:12:00	2023-01-17	æœ‰14	[è²¼åœ–]
5488	2023-01-17 17:17:00	1	Tuesday	17:17:00	2023-01-17	å“ˆå£«å¥‡ğŸ£	[è²¼åœ–]
5489	2023-01-17 17:30:00	1	Tuesday	17:30:00	2023-01-17	FF	æ—©
5490	2023-01-17 17:49:00	1	Tuesday	17:49:00	2023-01-17	Jes	33æ˜¯å°æŸ±ï¼Œä¸èƒ½å°‘äº†ä½ 
5491	2023-01-17 17:49:00	1	Tuesday	17:49:00	2023-01-17	Jes	æ—©å®‰
5492	2023-01-17 17:52:00	1	Tuesday	17:52:00	2023-01-17	Rita	ä»–å‡ºåœ‹çš„æ™‚å€™æ€éº¼è¾¦
5493	2023-01-17 17:52:00	1	Tuesday	17:52:00	2023-01-17	Rita	æ˜¨å¤©ç¡æ­»äº†å“ˆå“ˆå“ˆå“ˆå“ˆå“ˆå“ˆ
5494	2023-01-17 17:53:00	1	Tuesday	17:53:00	2023-01-17	F	ä½ è¦æ¥æ£’é˜¿
5495	2023-01-17 17:54:00	1	Tuesday	17:54:00	2023-01-17	Rita	äº¤çµ¦Fäº†
5496	2023-01-17 17:55:00	1	Tuesday	17:55:00	2023-01-17	Rita	33å‡ºåœ‹å¹¾å¤©ğŸ˜†
5497	2023-01-17 17:59:00	1	Tuesday	17:59:00	2023-01-17	33	28å°±å›ä¾†å•¦
5498	2023-01-17 18:00:00	1	Tuesday	18:00:00	2023-01-17	33	æ™‚é–“å¾ˆçŸ­çš„
5499	2023-01-17 18:00:00	1	Tuesday	18:00:00	2023-01-17	F	æˆ‘æœƒæ‰æ£’
5500	2023-01-17 18:00:00	1	Tuesday	18:00:00	2023-01-17	33	è¨˜å¾—æ’¿èµ·ä¾†
5501	2023-01-17 18:00:00	1	Tuesday	18:00:00	2023-01-17	F	å¡”å¡”æª¢
5502	2023-01-17 18:00:00	1	Tuesday	18:00:00	2023-01-17	33	å¾ˆæ£’(yay)(yay)(yay)(yay)
5503	2023-01-17 18:01:00	1	Tuesday	18:01:00	2023-01-17	Rita	33åƒèˆ‡ä¸åˆ°é«˜é›„åœ˜
5504	2023-01-17 18:04:00	1	Tuesday	18:04:00	2023-01-17	F	è®“ä»–å¥½å¥½å»ç©ä¸€ç©æ‹‰~ å¤§ä¸äº†è¦–è¨Šé˜¿
5505	2023-01-17 18:08:00	1	Tuesday	18:08:00	2023-01-17	åä¸‰	æ—©å®‰ï¼Œä¾ç„¶æ˜¯å†·å†·çš„å¤©
5506	2023-01-17 18:08:00	1	Tuesday	18:08:00	2023-01-17	Rita	æ²’ä»”ç´°çœ‹é‚„ä»¥ç‚ºæ˜¯ç³»çµ±
5507	2023-01-17 18:09:00	1	Tuesday	18:09:00	2023-01-17	åä¸‰	å¡”å¡”ä½ å¥½ï¼Œè«‹å•ç¾åœ¨æœ‰éœ€è¦ç‚ºæ‚¨æœå‹™å—ï¼Ÿ
5508	2023-01-17 18:09:00	1	Tuesday	18:09:00	2023-01-17	Rita	è«‹å•æœ‰å‡ºé–€ä¸æœƒå†·çš„æœå‹™å—
5509	2023-01-17 18:10:00	1	Tuesday	18:10:00	2023-01-17	FF	èµ°å‡ºæš–æš–çš„æˆ¿é–“Qq
5510	2023-01-17 18:10:00	1	Tuesday	18:10:00	2023-01-17	Ritaå·²æ”¶å›è¨Šæ¯	NOValue
5511	2023-01-17 18:10:00	1	Tuesday	18:10:00	2023-01-17	Rita	å¤§æ¦‚åŠå¹´æ²’å»é«˜é›„æƒ¹
5512	2023-01-17 18:10:00	1	Tuesday	18:10:00	2023-01-17	FF	ç©¿åš+æš–æš–åŒ…ä¹‹é¡
5513	2023-01-17 18:12:00	1	Tuesday	18:12:00	2023-01-17	Rita	é‚£13å¯ä»¥æä¾›ä»€éº¼æœå‹™ğŸ˜†
5514	2023-01-17 18:12:00	1	Tuesday	18:12:00	2023-01-17	33	å¤§å®¶éƒ½å¸Œæœ›æœ‰å§
5515	2023-01-17 18:12:00	1	Tuesday	18:12:00	2023-01-17	33	æˆ‘ç©¿è¶…åš
5516	2023-01-17 18:13:00	1	Tuesday	18:13:00	2023-01-17	åä¸‰	æœ‰çš„ï¼Œå…©ç¨®é¸æ“‡,1.å€™é³¥æ–¹æ¡ˆ,æ­ä¹˜å¢¾ä¸å¿«ç·šï¼Œè‡³å››å­£å¦‚æ˜¥çš„åœ‹å¢ƒä¹‹å—äº«å—å†¬å¤©æš–æš–çš„å¤ªé™½,2.è«‹åœ¨è‚šå­ã€è…°ã€å¤§è…¿å…§å´éš”è¡£è²¼ä¸Šæš–æš–åŒ…ï¼Œç©¿å¥½ç™¼ç†±è¡£.è¤².ç¾½çµ¨å¤–å¥—ã€åœå·¾ã€æ‰‹å¥—ï¼Œå¤–è¡¨è¶Šåƒç±³å…¶æ—è¶Šæœ‰æ©Ÿæœƒç²å¾—ä»£è¨€å–”,åä¸‰èªéŸ³é—œå¿ƒæ‚¨
5521	2023-01-17 18:16:00	1	Tuesday	18:16:00	2023-01-17	33	[è²¼åœ–]
5522	2023-01-17 18:16:00	1	Tuesday	18:16:00	2023-01-17	33	å¥½å²å®³çš„æœå‹™
5523	2023-01-17 18:17:00	1	Tuesday	18:17:00	2023-01-17	Jes	13ä»€éº¼æ™‚å€™èµ°é€™ç¨®è·¯ç·šäº†
5524	2023-01-17 18:18:00	1	Tuesday	18:18:00	2023-01-17	åä¸‰	åä¸‰èªéŸ³ç³»çµ±é‹è½‰errorå·²ä¸‹ç·š
5525	2023-01-17 18:18:00	1	Tuesday	18:18:00	2023-01-17	33	[è²¼åœ–]
5526	2023-01-17 18:20:00	1	Tuesday	18:20:00	2023-01-17	F	[ç…§ç‰‡]
5527	2023-01-17 18:21:00	1	Tuesday	18:21:00	2023-01-17	Rita	æ¿€ç™¼æ½›èƒ½
5528	2023-01-17 18:23:00	1	Tuesday	18:23:00	2023-01-17	F	å°æœ‹å‹å€‘çœ‹å¾—æ‡‚é€™å€‹æ¢—å—ï¼Ÿ
5529	2023-01-17 18:26:00	1	Tuesday	18:26:00	2023-01-17	åä¸‰	è®Šè‡‰ï¼Ÿé‚£éƒ¨é›»å½±å—
5530	2023-01-17 18:28:00	1	Tuesday	18:28:00	2023-01-17	F	ç¶“å…¸ä¸­çš„ç¶“å…¸
5531	2023-01-17 18:28:00	1	Tuesday	18:28:00	2023-01-17	å°ç™½	å“‡  ä¸è¦é¨™æˆ‘1997 çš„ğŸ¤£
5532	2023-01-17 18:29:00	1	Tuesday	18:29:00	2023-01-17	å°ç™½	çœŸçš„è »å¥½çœ‹çš„
5533	2023-01-17 18:35:00	1	Tuesday	18:35:00	2023-01-17	Rita	çœ‹ä¸æ‡‚
5534	2023-01-17 18:39:00	1	Tuesday	18:39:00	2023-01-17	33	æˆ‘ä¹Ÿçœ‹ä¸æ‡‚æ¬¸
5535	2023-01-17 18:40:00	1	Tuesday	18:40:00	2023-01-17	33	[è²¼åœ–]
5536	2023-01-17 18:40:00	1	Tuesday	18:40:00	2023-01-17	33	ä¸ä¸€å®šå°æœ‹å‹æ‰çœ‹ä¸æ‡‚å•¦
5537	2023-01-17 18:40:00	1	Tuesday	18:40:00	2023-01-17	F	å“ˆå“ˆé˜¿ ä½†æˆ‘æœ¬ä¾†å°±é è¨­å¡”å¡”çœ‹ä¸æ‡‚
5538	2023-01-17 18:40:00	1	Tuesday	18:40:00	2023-01-17	33	[è²¼åœ–]
5539	2023-01-17 18:41:00	1	Tuesday	18:41:00	2023-01-17	33	å…¬å¸ç¶²è·¯æ›é»äº†
5540	2023-01-17 18:41:00	1	Tuesday	18:41:00	2023-01-17	F	å®ƒææ—©æ”¾å¹´å‡äº†
5541	2023-01-17 18:41:00	1	Tuesday	18:41:00	2023-01-17	æœ‰14	æˆ‘ä¹Ÿçœ‹ä¸æ‡‚ å¹¸å¥½æˆ‘ä¸æ˜¯å”¯ä¸€ä¸€å€‹ã€‚ 
5542	2023-01-17 18:41:00	1	Tuesday	18:41:00	2023-01-17	æœ‰14	33è¦é–‹ç¾Šé§äº†é€™æ¨£
5543	2023-01-17 18:44:00	1	Tuesday	18:44:00	2023-01-17	33	å° æˆ‘å€‘ç¬‘èªª ä»–å·²ç¶“è¦æ”¾å‡äº†
5544	2023-01-17 18:45:00	1	Tuesday	18:45:00	2023-01-17	33	å¯æ˜¯ä¸èƒ½èªªè©±å•¦
5545	2023-01-17 18:45:00	1	Tuesday	18:45:00	2023-01-17	33	æœƒè¢«åŒäº‹ç™¼ç¾
5546	2023-01-17 18:45:00	1	Tuesday	18:45:00	2023-01-17	æœ‰14	æˆ‘é‚„æ²’ä¸Šç­ å¯ä»¥ç¾Šé§å”·ğŸ˜†ï¼ˆç©ç¬‘
5547	2023-01-17 18:46:00	1	Tuesday	18:46:00	2023-01-17	33	ä¸è¦å•¦
5548	2023-01-17 18:46:00	1	Tuesday	18:46:00	2023-01-17	33	æˆ‘æœƒå¿ƒè™›
5549	2023-01-17 18:46:00	1	Tuesday	18:46:00	2023-01-17	33	[è²¼åœ–]
5550	2023-01-17 18:47:00	1	Tuesday	18:47:00	2023-01-17	æœ‰14	å“ˆå“ˆå“ˆå“ˆå“ˆå“ˆ 
5551	2023-01-17 18:47:00	1	Tuesday	18:47:00	2023-01-17	æœ‰14	åŒäº‹å¯èƒ½çœ‹åˆ°ä¹Ÿä¸€èµ·åŠ å…¥é€™æ¨£ğŸ˜†ï¼ˆç©ç¬‘
5552	2023-01-17 18:47:00	1	Tuesday	18:47:00	2023-01-17	FF	å…ˆæ‚ é–’åƒæ—©é¤
5553	2023-01-17 18:47:00	1	Tuesday	18:47:00	2023-01-17	F	[ç…§ç‰‡]
5554	2023-01-17 18:48:00	1	Tuesday	18:48:00	2023-01-17	33	åƒå®Œäº†
5555	2023-01-17 18:48:00	1	Tuesday	18:48:00	2023-01-17	F	71% å—šå—š
5556	2023-01-17 18:48:00	1	Tuesday	18:48:00	2023-01-17	33	[è²¼åœ–]
5557	2023-01-17 18:48:00	1	Tuesday	18:48:00	2023-01-17	33	çœŸçš„è¦é–‹äº†å—
5558	2023-01-17 18:48:00	1	Tuesday	18:48:00	2023-01-17	33	ä¸€å€‹äºº71ä¹Ÿå¥½å²å®³æ¬¸
5559	2023-01-17 18:48:00	1	Tuesday	18:48:00	2023-01-17	F	å“ˆå“ˆå“ˆ æˆ‘è‡ªå·±åœ¨ç©å•¦
5560	2023-01-17 18:48:00	1	Tuesday	18:48:00	2023-01-17	33	ï¼ˆæˆ‘ä¹Ÿä¾†è©¦è©¦çœ‹ï¼Ÿ
5561	2023-01-17 18:48:00	1	Tuesday	18:48:00	2023-01-17	æœ‰14	æˆ‘ä»Šå¤©ä¸€å€‹äººç©åˆ°90å¹¾è¶´ å“­
5562	2023-01-17 18:48:00	1	Tuesday	18:48:00	2023-01-17	æœ‰14	è¼¸æƒ¹å¥½é›£éæ¬¸
5563	2023-01-17 18:49:00	1	Tuesday	18:49:00	2023-01-17	æœ‰14	@F æˆ‘å¯ä»¥ç©ä¸€å ´å§
5564	2023-01-17 18:49:00	1	Tuesday	18:49:00	2023-01-17	æœ‰14	å“ˆå“ˆå“ˆå“ˆæ‡‰è©²å§
5565	2023-01-17 18:49:00	1	Tuesday	18:49:00	2023-01-17	æœ‰14	@F ä½ è¦ç©å—
5566	2023-01-17 18:49:00	1	Tuesday	18:49:00	2023-01-17	æœ‰14	è¦å¿«é€Ÿä¸€å ´
5567	2023-01-17 18:50:00	1	Tuesday	18:50:00	2023-01-17	F	æˆ‘ä¸èƒ½è¬›è©±QQ
5568	2023-01-17 18:50:00	1	Tuesday	18:50:00	2023-01-17	F	æˆ‘å‰›å»èŒ¶æ°´é–“è£æ°´
5569	2023-01-17 18:50:00	1	Tuesday	18:50:00	2023-01-17	F	åš‡åˆ°åŒäº‹
5570	2023-01-17 18:51:00	1	Tuesday	18:51:00	2023-01-17	æœ‰14	æ²’é—œä¿‚å•Š 
5571	2023-01-17 18:51:00	1	Tuesday	18:51:00	2023-01-17	æœ‰14	ä½ å¯ä»¥æ‰“å­—å“ˆå“ˆå“ˆå“ˆ
5572	2023-01-17 18:51:00	1	Tuesday	18:51:00	2023-01-17	F	é‚£ä½ é‚€æˆ‘~æˆ‘é€²å»
5573	2023-01-17 18:51:00	1	Tuesday	18:51:00	2023-01-17	æœ‰14	å¥½
5574	2023-01-17 18:51:00	1	Tuesday	18:51:00	2023-01-17	FF	æˆ‘ä¹Ÿå¯ä»¥ä¸è¬›è©±çš„ä¸€å ´XD
5575	2023-01-17 18:51:00	1	Tuesday	18:51:00	2023-01-17	æœ‰14	å“‡ æˆ‘è¦ä¸Šç­æƒ¹ å¯æƒ¡ğŸ¥²
5576	2023-01-17 18:52:00	1	Tuesday	18:52:00	2023-01-17	FF	XD 
5577	2023-01-17 18:52:00	1	Tuesday	18:52:00	2023-01-17	FF	Bye
5578	2023-01-17 18:52:00	1	Tuesday	18:52:00	2023-01-17	æœ‰14	æŠ±æ­‰æŠ±æ­‰ ä½ å€‘ç©ğŸ¥²ğŸ¥²ğŸ¥²ğŸ¥²ğŸ¥²
5579	2023-01-17 18:52:00	1	Tuesday	18:52:00	2023-01-17	æœ‰14	æ° æ™šä¸Šå†ç©
5580	2023-01-17 18:52:00	1	Tuesday	18:52:00	2023-01-17	FF	ç¹¼çºŒåƒæ—©é¤ing
5581	2023-01-17 18:52:00	1	Tuesday	18:52:00	2023-01-17	F	ä»–åœ¨åƒåœ¾æ¡¶é‚£é‚Šä¸çŸ¥é“åœ¨å¿™ä»€éº¼ï¼Œæˆ‘å°±èµ°é€²å»è£æ°´ï¼Œç„¶å¾Œé †ä¾¿ä¸Ÿæˆ‘æ—©é¤çš„åƒåœ¾é€²åƒåœ¾æ¡¶
5582	2023-01-17 18:53:00	1	Tuesday	18:53:00	2023-01-17	F	çµæœä»–å°±é»˜é»˜é€€åˆ°èŒ¶æ°´é–“å¤–é¢
5583	2023-01-17 18:53:00	1	Tuesday	18:53:00	2023-01-17	FF	https://tenjo.tw/liang-su/
5584	2023-01-17 18:53:00	1	Tuesday	18:53:00	2023-01-17	F	æˆ‘è£å®Œæ°´ä»¥å¾Œæƒ³èªªç‚ºä½•ä»–è¦æ“‹åœ¨æˆ‘å‰é¢
5585	2023-01-17 18:53:00	1	Tuesday	18:53:00	2023-01-17	FF	é€™å®¶å¥½åƒä½†å¾ˆæ…¢
5586	2023-01-17 18:53:00	1	Tuesday	18:53:00	2023-01-17	F	ä»–å°±è·Ÿæˆ‘èªª å‰›å‰›è¢«æˆ‘åš‡åˆ°
5587	2023-01-17 18:53:00	1	Tuesday	18:53:00	2023-01-17	33	å¿™ä¸Ÿåƒåœ¾ğŸ˜‚ğŸ˜‚ğŸ˜‚ğŸ˜‚
5588	2023-01-17 18:53:00	1	Tuesday	18:53:00	2023-01-17	33	æƒ¡äººç„¡è†½
5589	2023-01-17 18:53:00	1	Tuesday	18:53:00	2023-01-17	F	æˆ‘è…¦æµ·è£¡æƒ³èªª é—œæˆ‘å±äº‹å–”
5590	2023-01-17 18:53:00	1	Tuesday	18:53:00	2023-01-17	33	ï¼Ÿ
5591	2023-01-17 18:53:00	1	Tuesday	18:53:00	2023-01-17	FF	ç‚ºå•¥åš‡åˆ°
5592	2023-01-17 18:53:00	1	Tuesday	18:53:00	2023-01-17	33	ä»–ä¸€å®šä¸çŸ¥é“åœ¨å¹¹å˜›
5593	2023-01-17 18:53:00	1	Tuesday	18:53:00	2023-01-17	33	[è²¼åœ–]
5594	2023-01-17 18:53:00	1	Tuesday	18:53:00	2023-01-17	F	ä½†å˜´å·´ä¸Šé‚„æ˜¯ç¬‘ç¬‘åœ°èªª ä¸å¥½æ„æ€ sorry sorry
5595	2023-01-17 18:54:00	1	Tuesday	18:54:00	2023-01-17	33	å°å•Š èŒ¶æ°´é–“æœ¬ä¾†å°±æ˜¯å¤§å®¶éƒ½å¯ä»¥å»çš„
5596	2023-01-17 18:54:00	1	Tuesday	18:54:00	2023-01-17	F	æˆ‘å»è£æ°´ä¸Ÿå€‹åƒåœ¾é‚„è¦ç™¼å‡ºè²éŸ³?
5597	2023-01-17 18:54:00	1	Tuesday	18:54:00	2023-01-17	F	è€Œä¸”ä»–åˆä¸æ˜¯æˆ‘å€‘é€™çµ„çš„ æˆ‘æ ¹æœ¬ä¸çŸ¥é“ä»–å“ªä½
5598	2023-01-17 18:54:00	1	Tuesday	18:54:00	2023-01-17	33	å°å•Š ä¸€è·¯èªª æ¬¸å¤«ä¾†äº†å–”è¦ä¾†èŒ¶æ°´é–“äº†å–”
5599	2023-01-17 18:54:00	1	Tuesday	18:54:00	2023-01-17	F	æ•²é‘¼æ‰“é¼“
5600	2023-01-17 18:55:00	1	Tuesday	18:55:00	2023-01-17	F	æˆ‘ä¸å¤ æ ¼å‡ºå·¡æ‹‰
5601	2023-01-17 18:55:00	1	Tuesday	18:55:00	2023-01-17	33	[è²¼åœ–]
5602	2023-01-17 18:55:00	1	Tuesday	18:55:00	2023-01-17	F	æ˜å¤©è‘£äº‹é•·å’Œç¸½ç¶“ç†è¦å‡ºå·¡åˆ°æˆ‘å€‘é€™è£¡XD
5603	2023-01-17 18:56:00	1	Tuesday	18:56:00	2023-01-17	F	ä½†ä¹Ÿä¸é—œæˆ‘çš„äº‹ æˆ‘åªæ˜¯è§’è½ç”Ÿç‰©
5604	2023-01-17 18:56:00	1	Tuesday	18:56:00	2023-01-17	F	é•·å®˜å€‘éƒ½è¦ç«™åˆ°é›»æ¢¯å£è¿æ¥
5605	2023-01-17 18:56:00	1	Tuesday	18:56:00	2023-01-17	33	[è²¼åœ–]
5606	2023-01-17 18:56:00	1	Tuesday	18:56:00	2023-01-17	FF	é‚„ä»¥ç‚ºéå¹´æ‰å‡ºå·¡
5607	2023-01-17 18:56:00	1	Tuesday	18:56:00	2023-01-17	33	é‚£è »å¥½çš„è€¶
5608	2023-01-17 18:57:00	1	Tuesday	18:57:00	2023-01-17	F	å°±æ˜¯æ‹œå¹´é˜¿
5609	2023-01-17 18:57:00	1	Tuesday	18:57:00	2023-01-17	33	ç¶²è·¯æ›æ‰ã€‚åªèƒ½ç”¨æ‰‹æ©Ÿ å¥½éº»ç…©ğŸ˜‚ğŸ˜‚ğŸ˜‚
5610	2023-01-17 18:57:00	1	Tuesday	18:57:00	2023-01-17	F	æˆ‘æ—©ä¸Šå·²ç¶“å»å’Œè™•é•·æ‹œéå¹´äº†
5611	2023-01-17 18:57:00	1	Tuesday	18:57:00	2023-01-17	FF	ä»¥ç‚ºæ˜¯éå®Œå¹´æ‰åšé€™äº‹
5612	2023-01-17 18:57:00	1	Tuesday	18:57:00	2023-01-17	F	å–”å–”å–” æˆ‘å€‘éå®Œå¹´æ‡‰è©²å°±æ˜¯è¦æ‹¼å‘½è£œé€²åº¦
5613	2023-01-17 18:58:00	1	Tuesday	18:58:00	2023-01-17	FF	å“¦å“¦ åŸä¾†å¦‚æ­¤
5614	2023-01-17 18:58:00	1	Tuesday	18:58:00	2023-01-17	33	éƒ½æ‹œéƒ½æ‹œ å¹´å‰å¹´å¾Œ
5615	2023-01-17 19:02:00	1	Tuesday	19:02:00	2023-01-17	F	ç’°å®‰è¡›ä¾†æª¢æŸ¥æœ‰æ²’æœ‰å¤§æƒé™¤XDD
5616	2023-01-17 19:03:00	1	Tuesday	19:03:00	2023-01-17	F	æˆ‘åŒäº‹å‰å¹¾å¤©æœ‰æ“¦æ¡Œå­ï¼Œè¢«æ‹ç…§è¨˜éŒ„å„ªè‰¯å“ˆå“ˆå“ˆ
5617	2023-01-17 19:04:00	1	Tuesday	19:04:00	2023-01-17	33	[è²¼åœ–]
5618	2023-01-17 19:04:00	1	Tuesday	19:04:00	2023-01-17	33	é‚£æ²’æ“¦çš„æ¡Œå­å¾ˆå¯æ€•å—
5619	2023-01-17 19:04:00	1	Tuesday	19:04:00	2023-01-17	F	æˆ‘æ—©ä¸Šä¾†è¦ºå¾—æ¡Œå­æœ‰é»é«’æ‰€ä»¥æœ‰æ“¦ä¸€ä¸‹XD
5620	2023-01-17 19:05:00	1	Tuesday	19:05:00	2023-01-17	F	å…¶å¯¦ä»–å€‘éƒ½æ˜¯ä¾†ç©çš„æ‹‰
5621	2023-01-17 19:05:00	1	Tuesday	19:05:00	2023-01-17	F	åªæª¢æŸ¥å¥½çš„XDDD
5622	2023-01-17 19:06:00	1	Tuesday	19:06:00	2023-01-17	FF	ä½†éå¹´å‰æ‡‰è©²å¾ˆå¤šäººè«‹å‡
5623	2023-01-17 19:06:00	1	Tuesday	19:06:00	2023-01-17	FF	æ„Ÿè¦ºå·¡ä¸åˆ°ä»€éº¼äºº
5624	2023-01-17 19:06:00	1	Tuesday	19:06:00	2023-01-17	Rita	å…¬å¸éå¹´å‰è¶…å¿™è€¶
5625	2023-01-17 19:06:00	1	Tuesday	19:06:00	2023-01-17	FF	å“¦ å¯èƒ½å„ç”¢æ¥­ä¸åŒ
5626	2023-01-17 19:07:00	1	Tuesday	19:07:00	2023-01-17	33	æˆ‘éƒ½æˆ–æ“¦ä¸€ä¸‹æ¬¸
5627	2023-01-17 19:07:00	1	Tuesday	19:07:00	2023-01-17	33	æˆ‘éƒ½æœƒ
5628	2023-01-17 19:07:00	1	Tuesday	19:07:00	2023-01-17	æœ‰14	ä¸€å¤§æ—©å¤§æƒé™¤çœŸå¿ƒç´¯ ç„¶å¾Œé‚„è¦ä¸Šç­ğŸ¥² äººç”Ÿå•Š(å•Š)
5629	2023-01-17 19:07:00	1	Tuesday	19:07:00	2023-01-17	33	ç°å¡µä»€éº¼çš„
5630	2023-01-17 19:08:00	1	Tuesday	19:08:00	2023-01-17	æœ‰14	æˆ–æ˜¯å™´å€‹é…’ç²¾å—ğŸ˜†
5631	2023-01-17 19:09:00	1	Tuesday	19:09:00	2023-01-17	FF	æƒ³èªªæ˜å¤©å†ä¾†æƒ
5632	2023-01-17 19:11:00	1	Tuesday	19:11:00	2023-01-17	YJ	[è²¼åœ–]
5633	2023-01-17 19:12:00	1	Tuesday	19:12:00	2023-01-17	YJ	å°æ¬¸ç¦é€™å¥æˆ‘èƒ½è½åˆ°èªéŸ³è€¶ XD
5634	2023-01-17 19:12:00	1	Tuesday	19:12:00	2023-01-17	YJ	[ç…§ç‰‡]
5635	2023-01-17 19:13:00	1	Tuesday	19:13:00	2023-01-17	F	æˆ‘å¿µå®Œäº†æ¬¸
5636	2023-01-17 19:13:00	1	Tuesday	19:13:00	2023-01-17	YJ	ç™¼å€‹èªéŸ³è½è½
5637	2023-01-17 19:13:00	1	Tuesday	19:13:00	2023-01-17	F	[ç…§ç‰‡]
5638	2023-01-17 19:13:00	1	Tuesday	19:13:00	2023-01-17	F	83ï¼Œå†æ¥å†å²
5639	2023-01-17 19:14:00	1	Tuesday	19:14:00	2023-01-17	F	ã„…è¦ï¼ˆå¡”å¡”èªæ°£
5640	2023-01-17 19:14:00	1	Tuesday	19:14:00	2023-01-17	F	[ç…§ç‰‡]
5641	2023-01-17 19:18:00	1	Tuesday	19:18:00	2023-01-17	å‚‘è¥¿	[ç…§ç‰‡]
5642	2023-01-17 19:19:00	1	Tuesday	19:19:00	2023-01-17	F	æˆ‘æ¯å¤©éƒ½çŸ¥é“ä½ æœƒéé—œXD
5643	2023-01-17 19:20:00	1	Tuesday	19:20:00	2023-01-17	æ©˜å­ğŸŠ	å¥½å¼·
5644	2023-01-17 19:20:00	1	Tuesday	19:20:00	2023-01-17	æ©˜å­ğŸŠ	é€™å…©å¤©è‡ªå·±ç©ï¼Œå¥½é›£
5645	2023-01-17 19:21:00	1	Tuesday	19:21:00	2023-01-17	æ©˜å­ğŸŠ	ç„¶å¾Œæ—©ä¸Šå·¥å…·åˆæ›é»ï¼Œå¥½å­ä¸–
5646	2023-01-17 19:21:00	1	Tuesday	19:21:00	2023-01-17	å‚‘è¥¿	ä»Šå¤©çš„åˆ·åˆ°å¥½é“å…·å°±æœƒé 
5647	2023-01-17 19:21:00	1	Tuesday	19:21:00	2023-01-17	å‚‘è¥¿	æ˜¨å¤©æˆ‘ä¹Ÿæ²’éğŸ¤£
5648	2023-01-17 19:22:00	1	Tuesday	19:22:00	2023-01-17	33	å¥½å¼·å–”
5649	2023-01-17 19:24:00	1	Tuesday	19:24:00	2023-01-17	å‚‘è¥¿	[ç…§ç‰‡]
5650	2023-01-17 19:24:00	1	Tuesday	19:24:00	2023-01-17	å‚‘è¥¿	ç›¡é‡å¾ç´…è‰²æ¡†æ¡†è£¡é¢å…ˆæ¶ˆ
5651	2023-01-17 19:26:00	1	Tuesday	19:26:00	2023-01-17	33	å¥½ï½
5652	2023-01-17 19:27:00	1	Tuesday	19:27:00	2023-01-17	æ©˜å­ğŸŠ	å¥½
5653	2023-01-17 19:36:00	1	Tuesday	19:36:00	2023-01-17	L.	æœ‰å¤ æ…˜ æ—©ä¸Šæ´—æ¾¡ä¸€åŠåœæ°´
5654	2023-01-17 19:47:00	1	Tuesday	19:47:00	2023-01-17	F	[ç…§ç‰‡]
5655	2023-01-17 19:47:00	1	Tuesday	19:47:00	2023-01-17	F	å¿«äº†å¿«äº†ï¼
5656	2023-01-17 20:10:00	1	Tuesday	20:10:00	2023-01-17	FF	çµ‚æ–¼åƒå®Œæ—©é¤
5657	2023-01-17 20:14:00	1	Tuesday	20:14:00	2023-01-17	Rita	[è²¼åœ–]
5658	2023-01-17 20:15:00	1	Tuesday	20:15:00	2023-01-17	FF	å¤§å®¶å»æ›æ–°éˆ”äº†å—ï¼Ÿ
5659	2023-01-17 20:19:00	1	Tuesday	20:19:00	2023-01-17	YJ	æ²’æœ‰æ›è€¶
5660	2023-01-17 20:20:00	1	Tuesday	20:20:00	2023-01-17	Rita	æ²’æœ‰éŒ¢
5661	2023-01-17 20:21:00	1	Tuesday	20:21:00	2023-01-17	33	æ›äº†
5662	2023-01-17 20:21:00	1	Tuesday	20:21:00	2023-01-17	33	æˆ‘æ›å¾ˆå°‘
5663	2023-01-17 20:21:00	1	Tuesday	20:21:00	2023-01-17	33	å› ç‚ºä¸ç”¨åŒ…ç´…åŒ…
5664	2023-01-17 20:23:00	1	Tuesday	20:23:00	2023-01-17	33	è©²åŒ…çš„ å·²ç¶“éƒ½å‡ºå»äº†
5665	2023-01-17 20:23:00	1	Tuesday	20:23:00	2023-01-17	33	[è²¼åœ–]
5666	2023-01-17 20:23:00	1	Tuesday	20:23:00	2023-01-17	33å·²æ”¶å›è¨Šæ¯	NOValue
5667	2023-01-17 20:26:00	1	Tuesday	20:26:00	2023-01-17	çµ¦æˆ‘éŒ¢	æˆ‘æ²’æ›éæ–°éˆ”æ¬¸ æ˜¯å¸¶èˆŠéˆ”å»å°ç£éŠ€è¡Œæ’éšŠå°±å¯ä»¥æ›æˆæ–°éˆ”å—ï¼Ÿ
5668	2023-01-17 20:26:00	1	Tuesday	20:26:00	2023-01-17	33	ä¹Ÿå¯ä»¥
5669	2023-01-17 20:26:00	1	Tuesday	20:26:00	2023-01-17	33	å¯Œé‚¦ä¹Ÿå¯ä»¥é ˜
5670	2023-01-17 20:26:00	1	Tuesday	20:26:00	2023-01-17	33	æœ‰äº›éŠ€è¡Œææ¬¾æ©Ÿ  å¯ä»¥é ˜
5671	2023-01-17 20:27:00	1	Tuesday	20:27:00	2023-01-17	33	å°±æ˜¯æƒ³è¦æœ‰æ–°éˆ”å¯ä»¥èŠ±  é€™æ¨£
